full_name1,full_name2,first_name1,first_name2,last_name1,last_name2,address,city,state,zip,phone1,phone2,email1,email2,about,history
Justin Hansen,Justin Hansen,Benjamin,Justin,Reid,Hansen,253 Darwin Avenue,Louisville,KY,40280,1-(502)854-0312,1-(316)231-9622,jhansen0@dion.ne.jp,jhansen0@google.es,condimentum neque sapien placerat ante nulla justo aliquam quis turpis eget elit sodales scelerisque mauris sit amet eros,id sapien in sapien iaculis congue vivamus metus arcu adipiscing molestie hendrerit at vulputate vitae nisl aenean lectus
Phyllis Anderson,Phyllis Anderson,Gerald,Phyllis,Robinson,Anderson,5 Walton Lane,Chicago,IL,60657,1-(312)781-3322,1-(951)214-1847,panderson1@ehow.com,panderson1@nps.gov,nunc vestibulum ante ipsum primis in faucibus orci luctus et,nulla suscipit ligula in lacus curabitur at ipsum ac tellus semper interdum
Julia James,Julia James,Bonnie,Julia,Hanson,James,5 Northport Drive,Omaha,NE,68110,1-(402)332-1912,1-(806)696-4448,jjames2@4shared.com,jjames2@drupal.org,habitasse platea dictumst aliquam augue quam sollicitudin vitae consectetuer eget rutrum at lorem integer tincidunt ante vel ipsum praesent,in purus eu magna vulputate luctus cum sociis natoque penatibus et magnis dis parturient montes nascetur
Andrew Snyder,Andrew Snyder,Arthur,Andrew,Freeman,Snyder,74532 Lerdahl Lane,Nashville,TN,37210,1-(615)538-2810,1-(330)297-0828,asnyder3@harvard.edu,asnyder3@narod.ru,nulla pede ullamcorper augue a suscipit nulla elit ac nulla sed vel enim sit amet nunc viverra,ut massa volutpat convallis morbi odio odio elementum eu interdum eu
Fred White,Fred White,Nicole,Fred,Murray,White,9849 Stoughton Point,San Bernardino,CA,92415,1-(760)194-0067,1-(518)190-0380,fwhite4@gravatar.com,fwhite4@princeton.edu,aliquam quis turpis eget elit sodales scelerisque mauris sit amet,bibendum morbi non quam nec dui luctus rutrum nulla tellus in sagittis dui
Brandon Phillips,Brandon Phillips,Roy,Brandon,Ward,Phillips,004 New Castle Court,Alexandria,LA,71307,1-(318)656-1674,1-(419)520-2563,bphillips5@networksolutions.com,bphillips5@bbb.org,quam a odio in hac habitasse platea dictumst maecenas ut,pretium quis lectus suspendisse potenti in eleifend quam a odio in hac habitasse platea
Jean Simmons,Jean Simmons,Jeremy,Jean,Brown,Simmons,4227 Sachtjen Avenue,Louisville,KY,40233,1-(502)879-1711,1-(816)143-1564,jsimmons6@marriott.com,jsimmons6@cdbaby.com,dui proin leo odio porttitor id consequat in consequat ut nulla,vestibulum ante ipsum primis in faucibus orci luctus et ultrices
Aaron Edwards,Aaron Edwards,Nicole,Aaron,Ford,Edwards,52 Butternut Way,Sacramento,CA,94257,1-(916)619-5901,1-(484)247-0310,aedwards7@ehow.com,aedwards7@toplist.cz,quam nec dui luctus rutrum nulla tellus in sagittis dui vel nisl duis ac nibh fusce lacus purus aliquet,leo odio porttitor id consequat in consequat ut nulla sed
Earl Hart,Earl Hart,George,Earl,Kennedy,Hart,062 Maple Wood Road,Chicago,IL,60624,1-(773)552-0935,1-(314)116-9695,ehart8@rambler.ru,ehart8@i2i.jp,orci luctus et ultrices posuere cubilia curae donec pharetra magna vestibulum aliquet ultrices erat tortor sollicitudin mi,neque aenean auctor gravida sem praesent id massa id nisl venenatis lacinia aenean sit amet justo morbi ut odio
Cynthia Rogers,Cynthia Rogers,Timothy,Cynthia,Jenkins,Rogers,1905 Lillian Place,Providence,RI,2912,1-(401)381-3387,1-(202)190-4042,crogers9@si.edu,crogers9@tuttocitta.it,mauris non ligula pellentesque ultrices phasellus id sapien in sapien iaculis congue vivamus metus arcu adipiscing molestie hendrerit,augue quam sollicitudin vitae consectetuer eget rutrum at lorem integer tincidunt ante vel ipsum praesent blandit
William Smith,William Smith,David,William,Russell,Smith,4 Namekagon Hill,Lincoln,NE,68505,1-(402)768-0098,1-(314)547-0657,wsmitha@is.gd,wsmitha@newsvine.com,in felis eu sapien cursus vestibulum proin eu mi nulla,interdum venenatis turpis enim blandit mi in porttitor pede justo
Christina Bryant,Christina Bryant,Sharon,Christina,Carter,Bryant,444 Fulton Street,Pueblo,CO,81010,1-(719)819-4792,1-(636)494-0256,cbryantb@nbcnews.com,cbryantb@wix.com,consectetuer adipiscing elit proin risus praesent lectus vestibulum quam sapien varius ut blandit non interdum,nonummy maecenas tincidunt lacus at velit vivamus vel nulla eget
Chris Perez,Chris Perez,David,Chris,Montgomery,Perez,339 Montana Center,Houston,TX,77040,1-(979)588-8196,1-(626)108-2966,cperezc@tiny.cc,cperezc@fda.gov,fermentum justo nec condimentum neque sapien placerat ante nulla justo aliquam quis turpis eget elit sodales scelerisque mauris,mi pede malesuada in imperdiet et commodo vulputate justo in blandit ultrices enim lorem ipsum dolor
Cynthia Richardson,Cynthia Richardson,Joan,Cynthia,George,Richardson,931 Nevada Alley,Hartford,CT,6120,1-(860)661-4448,1-(302)247-5723,crichardsond@cbslocal.com,crichardsond@pagesperso-orange.fr,integer non velit donec diam neque vestibulum eget vulputate ut ultrices vel augue vestibulum ante ipsum,nec nisi volutpat eleifend donec ut dolor morbi vel lectus in
Randy Garza,Randy Garza,Martha,Randy,Howard,Garza,1237 Melby Lane,Madison,WI,53779,1-(608)898-7452,1-(817)723-3461,rgarzae@oracle.com,rgarzae@hibu.com,augue luctus tincidunt nulla mollis molestie lorem quisque ut erat curabitur gravida nisi at nibh in hac habitasse,nulla facilisi cras non velit nec nisi vulputate nonummy maecenas tincidunt lacus at velit vivamus vel
Eric Kim,Eric Kim,Anthony,Eric,Medina,Kim,14 Vahlen Terrace,Fayetteville,NC,28305,1-(910)822-1988,1-(804)818-5676,ekimf@ed.gov,ekimf@rediff.com,quis tortor id nulla ultrices aliquet maecenas leo odio condimentum id luctus nec,hac habitasse platea dictumst etiam faucibus cursus urna ut tellus nulla ut erat id mauris vulputate elementum nullam varius
Roger Lopez,Roger Lopez,Walter,Roger,Foster,Lopez,482 Anderson Lane,Nashville,TN,37215,1-(615)206-6136,1-(407)990-4842,rlopezg@fastcompany.com,rlopezg@about.com,lorem vitae mattis nibh ligula nec sem duis aliquam convallis nunc proin,feugiat non pretium quis lectus suspendisse potenti in eleifend quam a odio in hac habitasse platea dictumst maecenas ut
Andrea George,Andrea George,Norma,Andrea,Hunter,George,61 Rockefeller Place,Roanoke,VA,24024,1-(540)807-9284,1-(714)376-0238,ageorgeh@reference.com,ageorgeh@virginia.edu,mi nulla ac enim in tempor turpis nec euismod scelerisque,ultrices erat tortor sollicitudin mi sit amet lobortis sapien sapien non mi integer
Albert King,Albert King,Jane,Albert,Lee,King,18 1st Way,Huntsville,AL,35895,1-(256)868-5669,1-(505)526-3547,akingi@umn.edu,akingi@issuu.com,leo maecenas pulvinar lobortis est phasellus sit amet erat nulla tempus vivamus,auctor sed tristique in tempus sit amet sem fusce consequat nulla
Jennifer Lawson,Jennifer Lawson,Lillian,Jennifer,Howard,Lawson,43432 Crownhardt Park,Texarkana,TX,75507,1-(903)134-5744,1-(248)577-0985,jlawsonj@bizjournals.com,jlawsonj@virginia.edu,ligula nec sem duis aliquam convallis nunc proin at turpis a pede posuere,sit amet sapien dignissim vestibulum vestibulum ante ipsum primis in faucibus orci luctus et ultrices posuere cubilia curae
Ryan Stewart,Ryan Stewart,Benjamin,Ryan,Parker,Stewart,38501 Trailsway Avenue,Chicago,IL,60697,1-(312)955-9377,1-(559)181-0543,rstewartk@salon.com,rstewartk@amazonaws.com,hac habitasse platea dictumst maecenas ut massa quis augue luctus tincidunt nulla mollis,mi in porttitor pede justo eu massa donec dapibus duis at velit eu est congue elementum
Carl Kennedy,Carl Kennedy,Bruce,Carl,Hunt,Kennedy,08 Mosinee Lane,Pasadena,CA,91199,1-(626)962-3633,1-(240)227-4687,ckennedyl@prnewswire.com,ckennedyl@xing.com,ultrices posuere cubilia curae duis faucibus accumsan odio curabitur convallis duis consequat dui nec nisi volutpat eleifend donec,ut nunc vestibulum ante ipsum primis in faucibus orci luctus et ultrices posuere
Denise Ramos,Denise Ramos,Cynthia,Denise,Schmidt,Ramos,61906 Badeau Road,Toledo,OH,43610,1-(419)241-3533,1-(202)720-0182,dramosm@cbsnews.com,dramosm@webeden.co.uk,libero ut massa volutpat convallis morbi odio odio elementum eu interdum eu,hac habitasse platea dictumst maecenas ut massa quis augue luctus tincidunt nulla mollis molestie lorem
Richard Green,Richard Green,Douglas,Richard,Knight,Green,2316 Dapin Crossing,Palo Alto,CA,94302,1-(650)506-8133,1-(530)509-7786,rgreenn@microsoft.com,rgreenn@skype.com,nulla facilisi cras non velit nec nisi vulputate nonummy maecenas tincidunt lacus at velit vivamus vel nulla eget,nibh in lectus pellentesque at nulla suspendisse potenti cras in purus
Judith Johnson,Judith Johnson,Jason,Judith,Schmidt,Johnson,18 Bartillon Point,Houston,TX,77276,1-(713)305-3807,1-(415)819-1863,jjohnsono@reddit.com,jjohnsono@people.com.cn,mollis molestie lorem quisque ut erat curabitur gravida nisi at nibh in hac habitasse platea dictumst aliquam augue quam,erat fermentum justo nec condimentum neque sapien placerat ante nulla justo aliquam quis turpis eget
Kathy Torres,Kathy Torres,Katherine,Kathy,Dixon,Torres,732 Macpherson Lane,Salt Lake City,UT,84140,1-(801)881-0262,1-(212)638-7349,ktorresp@trellian.com,ktorresp@bloomberg.com,at velit eu est congue elementum in hac habitasse platea dictumst morbi vestibulum velit id pretium,pede posuere nonummy integer non velit donec diam neque vestibulum eget vulputate
Alice Rodriguez,Alice Rodriguez,Janet,Alice,Garcia,Rodriguez,8807 Annamark Street,Minneapolis,MN,55436,1-(612)401-3688,1-(402)409-0556,arodriguezq@epa.gov,arodriguezq@behance.net,aliquam lacus morbi quis tortor id nulla ultrices aliquet maecenas leo,nibh in hac habitasse platea dictumst aliquam augue quam sollicitudin vitae consectetuer eget rutrum at
Ernest Gardner,Ernest Gardner,Rachel,Ernest,Larson,Gardner,41946 Welch Drive,Kansas City,MO,64187,1-(816)327-3187,1-(407)470-4261,egardnerr@theatlantic.com,egardnerr@elegantthemes.com,pretium nisl ut volutpat sapien arcu sed augue aliquam erat volutpat in congue etiam justo,tincidunt ante vel ipsum praesent blandit lacinia erat vestibulum sed magna at nunc commodo placerat praesent blandit
Roger Long,Roger Long,Ronald,Roger,Simmons,Long,3468 Daystar Plaza,Lawrenceville,GA,30245,1-(404)685-1064,1-(914)821-4835,rlongs@aol.com,rlongs@about.me,odio elementum eu interdum eu tincidunt in leo maecenas pulvinar lobortis est phasellus,felis ut at dolor quis odio consequat varius integer ac leo pellentesque ultrices mattis odio
Annie Watson,Annie Watson,Donald,Annie,Reynolds,Watson,299 Swallow Terrace,Wilmington,DE,19810,1-(302)191-9432,1-(919)468-4976,awatsont@instagram.com,awatsont@barnesandnoble.com,cum sociis natoque penatibus et magnis dis parturient montes nascetur ridiculus mus vivamus vestibulum sagittis sapien cum sociis natoque,mattis odio donec vitae nisi nam ultrices libero non mattis pulvinar nulla pede ullamcorper